configuration,model_family,training_seconds,accuracy_pct,model_size_mb
Linear-01,Linear,19.2,67.6,4.4
Linear-02,Linear,24.8,73.3,3.6
Linear-03,Linear,47.9,71.7,7.7
Linear-04,Linear,50.8,70.3,9.4
Linear-05,Linear,70.5,74.1,13.1
Linear-06,Linear,76.8,72.0,15.9
Linear-07,Linear,90.4,75.1,15.2
Linear-08,Linear,92.4,74.0,16.3
Tree-01,Tree,37.0,73.2,6.1
Tree-02,Tree,49.8,72.9,10.0
Tree-03,Tree,69.4,75.8,10.2
Tree-04,Tree,74.2,77.9,15.6
Tree-05,Tree,82.1,74.9,18.8
Tree-06,Tree,99.3,74.5,20.7
Tree-07,Tree,113.1,77.2,22.1
Tree-08,Tree,114.9,76.4,21.9
Ensemble-01,Ensemble,69.3,76.0,11.2
Ensemble-02,Ensemble,67.9,79.0,17.7
Ensemble-03,Ensemble,87.0,77.4,19.8
Ensemble-04,Ensemble,103.3,78.0,17.3
Ensemble-05,Ensemble,99.1,81.2,20.8
Ensemble-06,Ensemble,116.7,77.2,24.6
Ensemble-07,Ensemble,133.4,83.8,27.6
Ensemble-08,Ensemble,143.8,80.7,30.6
Neural-01,Neural,91.1,78.5,19.6
Neural-02,Neural,104.5,80.1,23.7
Neural-03,Neural,105.7,82.6,23.1
Neural-04,Neural,119.9,83.0,22.9
Neural-05,Neural,126.4,83.2,27.3
Neural-06,Neural,136.5,83.0,31.3
Neural-07,Neural,156.4,86.4,29.1
Neural-08,Neural,169.0,96.8,35.0
Kernel-01,Kernel,105.8,83.7,23.2
Kernel-02,Kernel,125.8,80.5,28.1
Kernel-03,Kernel,135.5,86.1,26.6
Kernel-04,Kernel,143.2,85.3,31.0
Kernel-05,Kernel,161.5,87.2,33.9
Kernel-06,Kernel,156.8,88.3,34.3
Kernel-07,Kernel,183.5,86.7,33.6
Kernel-08,Kernel,192.5,88.2,37.3
